"","Title","Rating","TotalVotes","Genre1","Genre2","Genre3","MetaCritic","Budget","Runtime","ï..CVotes10","CVotes09","CVotes08","CVotes07","CVotes06","CVotes05","CVotes04","CVotes03","CVotes02","CVotes01","CVotesMale","CVotesFemale","CVotesU18","CVotesU18M","CVotesU18F","CVotes1829","CVotes1829M","CVotes1829F","CVotes3044","CVotes3044M","CVotes3044F","CVotes45A","CVotes45AM","CVotes45AF","CVotes1000","CVotesUS","CVotesnUS","VotesM","VotesF","VotesU18","VotesU18M","VotesU18F","Votes1829","Votes1829M","Votes1829F","Votes3044","Votes3044M","Votes3044F","Votes45A","Votes45AM","Votes45AF","VotesIMDB","Votes1000","VotesUS","VotesnUS"
"1","12 Years a SlaveÂ (2013)",8.1,"496,092","Biography","Drama","History",96,"Budget:        $20,000,000              (estimated)","134 min",75556,126223,161460,83070,27231,9603,4021,2420,1785,4739,"Â 313823","Â 82012","Â 1837","Â 1363","Â 457","Â 200910","Â 153669","Â 45301","Â 138762","Â 112943","Â 23895","Â 29252","Â 23072","Â 5726","Â 664","Â 53328","Â 224519","Â 8.1","Â 8.1","Â 8.4","Â 8.4","Â 8.5","Â 8.2","Â 8.2","Â 8.2","Â 8.0","Â 7.9","Â 8.0","Â 7.8","Â 7.8","Â 8.1","Â 8.0","Â 7.7","Â 8.3","Â 8.0"
"2","127 HoursÂ (2010)",7.6,"297,075","Adventure","Biography","Drama",82,"Budget:        $18,000,000              (estimated)","94 min",28939,44110,98845,78451,28394,9403,3796,1930,1161,2059,"Â 212866","Â 44600","Â 745","Â 567","Â 170","Â 133336","Â 106007","Â 26152","Â 102120","Â 86609","Â 14304","Â 14895","Â 12400","Â 2261","Â 649","Â 38478","Â 169745","Â 7.6","Â 7.6","Â 7.9","Â 7.9","Â 7.9","Â 7.7","Â 7.8","Â 7.7","Â 7.5","Â 7.5","Â 7.5","Â 7.3","Â 7.3","Â 7.5","Â 7.6","Â 7.0","Â 7.7","Â 7.6"
"3","50/50Â (2011)",7.7,"283,935","Comedy","Drama","Romance",72,"Budget:        $8,000,000              (estimated)","100 min",28304,47501,99524,71485,24252,7545,2381,1109,634,1202,"Â 188925","Â 58348","Â 506","Â 348","Â 153","Â 132350","Â 96269","Â 34765","Â 94745","Â 75394","Â 18163","Â 12829","Â 9912","Â 2681","Â 555","Â 46947","Â 147849","Â 7.7","Â 7.7","Â 7.9","Â 7.9","Â 7.9","Â 7.8","Â 7.8","Â 7.7","Â 7.6","Â 7.6","Â 7.6","Â 7.4","Â 7.4","Â 7.5","Â 7.4","Â 7.0","Â 7.9","Â 7.6"
"4","About TimeÂ (2013)",7.8,"225,412","Comedy","Drama","Fantasy",NA,"Budget:        $12,000,000              (estimated)","123 min",38556,43170,70850,45487,16542,5673,2210,1084,664,1182,"Â 126718","Â 58098","Â 654","Â 325","Â 321","Â 92940","Â 57778","Â 34126","Â 67477","Â 50212","Â 16222","Â 13973","Â 10690","Â 3026","Â 475","Â 20450","Â 111670","Â 7.8","Â 7.9","Â 8.2","Â 8.1","Â 8.3","Â 8.0","Â 8.0","Â 8.0","Â 7.6","Â 7.6","Â 7.7","Â 7.6","Â 7.5","Â 7.8","Â 7.7","Â 6.9","Â 7.8","Â 7.7"
"5","AmourÂ (2012)",7.9,"76,121","Drama","Romance","",94,"Budget:        $8,900,000              (estimated)","127 min",11093,15944,22942,14187,5945,2585,1188,710,534,995,"Â 49808","Â 16719","Â 121","Â 95","Â 24","Â 28593","Â 20107","Â 8167","Â 28691","Â 21990","Â 6269","Â 7425","Â 5803","Â 1490","Â 391","Â 7959","Â 46138","Â 7.8","Â 7.9","Â 8.6","Â 8.7","Â 8.5","Â 8.0","Â 8.0","Â 7.9","Â 7.7","Â 7.7","Â 7.9","Â 7.9","Â 7.8","Â 8.1","Â 6.6","Â 7.2","Â 7.9","Â 7.8"
"6","ArgoÂ (2012)",7.7,"486,840","Action","Biography","Drama",86,"Budget:        $44,500,000              (estimated)","120 min",43875,89490,171495,115165,37332,12630,4992,2910,2020,6941,"Â 334838","Â 67910","Â 971","Â 795","Â 162","Â 178794","Â 146371","Â 30643","Â 163795","Â 136391","Â 24948","Â 36215","Â 28817","Â 6752","Â 740","Â 70110","Â 229137","Â 7.7","Â 7.9","Â 8.0","Â 8.0","Â 7.8","Â 7.8","Â 7.8","Â 7.9","Â 7.7","Â 7.6","Â 7.8","Â 7.7","Â 7.7","Â 8.0","Â 8.1","Â 7.2","Â 8.0","Â 7.6"
"7","ArrivalÂ (2016)",8,"370,842","Drama","Mystery","Sci-Fi",81,"Budget:        $47,000,000              (estimated)","116 min",55533,87850,109536,65440,26913,10556,5057,3083,2194,4734,"Â 237437","Â 46272","Â 1943","Â 1544","Â 376","Â 126301","Â 101741","Â 23163","Â 111985","Â 95005","Â 15227","Â 24027","Â 20118","Â 3440","Â 537","Â 42062","Â 163774","Â 7.9","Â 8.0","Â 8.6","Â 8.6","Â 8.4","Â 8.2","Â 8.2","Â 8.1","Â 7.8","Â 7.8","Â 7.8","Â 7.6","Â 7.6","Â 7.7","Â 8.3","Â 7.3","Â 8.0","Â 7.9"
"8","Beasts of No NationÂ (2015)",7.8,"51,781","Drama","War","",79,"Budget:        $6,000,000              (estimated)","137 min",5396,9364,19639,12164,3380,948,325,137,95,337,"Â 37373","Â 4422","Â 210","Â 188","Â 19","Â 20628","Â 18200","Â 2205","Â 15846","Â 14120","Â 1500","Â 3009","Â 2541","Â 409","Â 224","Â 7004","Â 24596","Â 7.8","Â 7.8","Â 8.2","Â 8.2","Â 8.0","Â 7.9","Â 7.9","Â 7.9","Â 7.6","Â 7.6","Â 7.7","Â 7.6","Â 7.6","Â 7.7","Â 8.2","Â 7.2","Â 7.9","Â 7.7"
"9","Before MidnightÂ (2013)",7.9,"106,553","Drama","Romance","",94,"Budget:        $3,000,000              (estimated)","109 min",16953,22109,31439,19251,8142,3412,1649,1033,826,1745,"Â 67076","Â 23823","Â 208","Â 138","Â 66","Â 43312","Â 30016","Â 12857","Â 37072","Â 28401","Â 8189","Â 7479","Â 5891","Â 1470","Â 447","Â 12382","Â 59116","Â 7.9","Â 7.8","Â 8.1","Â 8.3","Â 7.4","Â 8.1","Â 8.2","Â 7.9","Â 7.8","Â 7.8","Â 7.6","Â 7.3","Â 7.4","Â 7.2","Â 8.5","Â 7.0","Â 8.0","Â 7.9"
"10","Big Hero 6Â (2014)",7.8,"315,485","Animation","Action","Adventure",74,"Opening Weekend:         $56,215,889              (USA)      (7 November 2014)","",50311,61304,103726,65681,22389,6830,2251,1036,539,1439,"Â 187383","Â 58731","Â 2446","Â 1571","Â 855","Â 128237","Â 91744","Â 35122","Â 84098","Â 68040","Â 14796","Â 13974","Â 11304","Â 2400","Â 525","Â 36702","Â 131818","Â 7.7","Â 8.2","Â 8.2","Â 8.0","Â 8.7","Â 7.9","Â 7.8","Â 8.3","Â 7.7","Â 7.6","Â 8.0","Â 7.6","Â 7.6","Â 7.9","Â 7.9","Â 7.2","Â 7.9","Â 7.7"
"11","Birdman or (The Unexpected Virtue of Ignorance)Â (2014)",7.8,"448,725","Comedy","Drama","",88,"Budget:        $18,000,000              (estimated)","119 min",60209,94476,121637,80828,38373,19161,10116,6750,5378,11807,"Â 292808","Â 63310","Â 1891","Â 1538","Â 334","Â 178850","Â 142244","Â 34666","Â 129547","Â 108049","Â 19457","Â 26016","Â 21166","Â 4329","Â 656","Â 52288","Â 203731","Â 7.8","Â 7.5","Â 8.5","Â 8.6","Â 7.9","Â 8.0","Â 8.1","Â 7.7","Â 7.6","Â 7.6","Â 7.3","Â 7.2","Â 7.3","Â 7.0","Â 7.8","Â 7.1","Â 7.9","Â 7.7"
"12","Black SwanÂ (2010)",8,"587,893","Drama","Thriller","",79,"Budget:        $13,000,000              (estimated)","108 min",93798,136615,174500,97826,40319,16993,9084,6065,3981,8726,"Â 356707","Â 143077","Â 1112","Â 583","Â 516","Â 244970","Â 159567","Â 82856","Â 204465","Â 156163","Â 45352","Â 35111","Â 27022","Â 7459","Â 802","Â 86552","Â 306578","Â 8.0","Â 8.0","Â 8.5","Â 8.6","Â 8.4","Â 8.1","Â 8.1","Â 8.1","Â 7.9","Â 7.9","Â 8.0","Â 7.5","Â 7.5","Â 7.4","Â 7.9","Â 7.6","Â 8.0","Â 8.0"
"13","BoyhoodÂ (2014)",7.9,"290,327","Drama","","",100,"Budget:        $4,000,000              (estimated)","165 min",49673,62055,76838,52238,23789,10431,4906,3071,2248,5086,"Â 183807","Â 51558","Â 1393","Â 995","Â 381","Â 123006","Â 92639","Â 29076","Â 81594","Â 65261","Â 15118","Â 17881","Â 13995","Â 3567","Â 559","Â 36433","Â 134679","Â 8.0","Â 7.7","Â 8.1","Â 8.1","Â 8.0","Â 8.1","Â 8.1","Â 7.8","Â 7.8","Â 7.8","Â 7.6","Â 7.7","Â 7.7","Â 7.7","Â 8.2","Â 7.2","Â 8.0","Â 7.9"
"14","Bridge of SpiesÂ (2015)",7.6,"223,756","Drama","History","Thriller",81,"Budget:        $40,000,000              (estimated)","142 min",15757,32840,83322,63800,19183,5178,1657,735,419,878,"Â 152707","Â 23978","Â 846","Â 732","Â 104","Â 76784","Â 64810","Â 11177","Â 70780","Â 61525","Â 8196","Â 18494","Â 15504","Â 2667","Â 545","Â 24273","Â 105678","Â 7.6","Â 7.6","Â 7.9","Â 7.9","Â 7.8","Â 7.7","Â 7.7","Â 7.6","Â 7.5","Â 7.5","Â 7.5","Â 7.7","Â 7.6","Â 7.9","Â 7.7","Â 7.4","Â 7.7","Â 7.5"
"15","Captain America: Civil WarÂ (2016)",7.9,"431,555","Action","Adventure","Sci-Fi",75,"Budget:        $250,000,000              (estimated)","147 min",81893,90156,117188,79377,32782,12322,5095,2994,1989,7786,"Â 264239","Â 43818","Â 3572","Â 2865","Â 683","Â 148991","Â 124124","Â 23355","Â 105069","Â 91345","Â 12135","Â 19151","Â 16351","Â 2459","Â 593","Â 48777","Â 153638","Â 7.8","Â 7.9","Â 8.3","Â 8.3","Â 8.6","Â 8.0","Â 8.0","Â 8.0","Â 7.7","Â 7.7","Â 7.8","Â 7.6","Â 7.6","Â 7.9","Â 7.7","Â 7.5","Â 8.1","Â 7.7"
"16","Captain America: The Winter SoldierÂ (2014)",7.8,"552,706","Action","Adventure","Sci-Fi",70,"Budget:        $170,000,000              (estimated)","136 min",84943,103896,169440,120197,44124,14639,5571,2735,1932,5248,"Â 360615","Â 66751","Â 3765","Â 2900","Â 844","Â 208526","Â 170111","Â 36456","Â 150264","Â 129500","Â 18637","Â 28922","Â 24313","Â 4103","Â 720","Â 72120","Â 213180","Â 7.7","Â 7.9","Â 8.3","Â 8.2","Â 8.5","Â 7.8","Â 7.8","Â 7.9","Â 7.6","Â 7.6","Â 7.7","Â 7.7","Â 7.6","Â 7.8","Â 7.6","Â 7.5","Â 8.1","Â 7.5"
"17","Captain FantasticÂ (2016)",7.9,"115,194","Comedy","Drama","",72,"Opening Weekend:         $93,824              (USA)      (8 July 2016)","",16165,24762,39686,22429,7134,2255,982,542,419,832,"Â 71760","Â 19138","Â 447","Â 329","Â 112","Â 40918","Â 30740","Â 9707","Â 36357","Â 29410","Â 6414","Â 8123","Â 6521","Â 1433","Â 351","Â 10694","Â 56956","Â 7.9","Â 8.1","Â 8.2","Â 8.2","Â 8.2","Â 8.0","Â 8.0","Â 8.2","Â 7.8","Â 7.7","Â 7.9","Â 7.7","Â 7.6","Â 7.9","Â 8.5","Â 6.8","Â 7.8","Â 7.8"
"18","Captain PhillipsÂ (2013)",7.8,"350,818","Biography","Drama","Thriller",83,"Budget:        $55,000,000              (estimated)","134 min",37461,70216,133266,76657,21791,6099,2051,1062,707,1517,"Â 247889","Â 41602","Â 995","Â 838","Â 147","Â 131052","Â 110723","Â 19092","Â 114418","Â 98191","Â 14686","Â 24670","Â 20178","Â 4053","Â 633","Â 43042","Â 165981","Â 7.8","Â 7.9","Â 8.2","Â 8.2","Â 8.1","Â 8.0","Â 8.0","Â 7.9","Â 7.7","Â 7.7","Â 7.8","Â 7.7","Â 7.7","Â 8.0","Â 8.0","Â 7.4","Â 7.8","Â 7.8"
"19","CreedÂ (2015)",7.6,"179,795","Drama","Sport","",82,"Budget:        $35,000,000              (estimated)","133 min",21364,28964,58237,45563,16432,5118,1655,848,464,1151,"Â 126214","Â 13323","Â 888","Â 811","Â 72","Â 61826","Â 55428","Â 5778","Â 56944","Â 51344","Â 4828","Â 10691","Â 9142","Â 1369","Â 474","Â 25287","Â 75302","Â 7.6","Â 7.5","Â 8.3","Â 8.3","Â 8.1","Â 7.8","Â 7.8","Â 7.6","Â 7.4","Â 7.4","Â 7.4","Â 7.3","Â 7.3","Â 7.5","Â 7.8","Â 7.1","Â 7.9","Â 7.5"
"20","Dallas Buyers ClubÂ (2013)",8,"357,641","Biography","Drama","",84,"Budget:        $5,000,000              (estimated)","117 min",37544,82276,145488,66156,16777,4582,1721,870,654,1588,"Â 231258","Â 63266","Â 864","Â 650","Â 205","Â 145018","Â 110493","Â 32974","Â 110555","Â 88233","Â 20687","Â 22093","Â 16963","Â 4743","Â 598","Â 42222","Â 173002","Â 7.9","Â 8.1","Â 8.2","Â 8.2","Â 8.1","Â 8.1","Â 8.1","Â 8.1","Â 7.8","Â 7.8","Â 8.0","Â 7.8","Â 7.8","Â 8.0","Â 7.9","Â 7.2","Â 8.0","Â 7.9"
"21","Dawn of the Planet of the ApesÂ (2014)",7.6,"349,646","Action","Adventure","Drama",79,"Budget:        $170,000,000              (estimated)","130 min",37605,58021,112652,84789,33747,11561,4734,2392,1470,2707,"Â 250421","Â 32032","Â 1720","Â 1468","Â 236","Â 128574","Â 111856","Â 15469","Â 110394","Â 98110","Â 10765","Â 21701","Â 18794","Â 2510","Â 649","Â 42877","Â 154981","Â 7.6","Â 7.5","Â 8.0","Â 8.0","Â 7.9","Â 7.7","Â 7.8","Â 7.5","Â 7.5","Â 7.5","Â 7.4","Â 7.4","Â 7.4","Â 7.4","Â 7.2","Â 7.4","Â 7.8","Â 7.5"
"22","DeadpoolÂ (2016)",8,"652,127","Action","Adventure","Comedy",65,"Budget:        $58,000,000              (estimated)","108 min",147467,147966,170810,105717,41811,15510,7046,4273,3037,8538,"Â 391955","Â 79804","Â 4598","Â 3601","Â 969","Â 232840","Â 186139","Â 44316","Â 159222","Â 135428","Â 21521","Â 28753","Â 24218","Â 4009","Â 667","Â 67933","Â 241138","Â 8.0","Â 8.1","Â 8.4","Â 8.4","Â 8.6","Â 8.1","Â 8.1","Â 8.1","Â 7.9","Â 7.9","Â 7.9","Â 7.8","Â 7.8","Â 7.9","Â 8.0","Â 7.3","Â 8.1","Â 7.9"
"23","Despicable MeÂ (2010)",7.7,"417,592","Animation","Adventure","Comedy",72,"Opening Weekend:         $56,397,125              (USA)      (9 July 2010)","",56474,66298,136943,102534,35207,11448,4000,1862,1024,1825,"Â 251408","Â 91545","Â 2241","Â 1523","Â 700","Â 179397","Â 122880","Â 54800","Â 123041","Â 95843","Â 25612","Â 21471","Â 16853","Â 4293","Â 721","Â 57957","Â 196751","Â 7.6","Â 8.0","Â 7.7","Â 7.6","Â 7.9","Â 7.8","Â 7.7","Â 8.1","Â 7.6","Â 7.5","Â 7.9","Â 7.6","Â 7.5","Â 7.9","Â 7.4","Â 7.0","Â 7.6","Â 7.6"
"24","DetachmentÂ (2011)",7.7,"62,352","Drama","","",NA,"Opening Weekend:         $10,739              (USA)      (16 March 2012)","",8602,11683,20411,13503,4740,1741,711,360,208,394,"Â 40924","Â 13291","Â 77","Â 38","Â 36","Â 25612","Â 17887","Â 7432","Â 22857","Â 18073","Â 4435","Â 4509","Â 3601","Â 816","Â 297","Â 6124","Â 36753","Â 7.7","Â 7.9","Â 7.9","Â 7.6","Â 8.1","Â 7.9","Â 7.9","Â 8.0","Â 7.6","Â 7.6","Â 7.7","Â 7.5","Â 7.5","Â 7.7","Â 6.7","Â 6.5","Â 7.5","Â 7.7"
"25","DisconnectÂ (2012)",7.6,"65,448","Drama","Thriller","",64,"Budget:        $10,000,000              (estimated)","115 min",6085,9374,22255,18117,6206,1830,684,292,197,411,"Â 44411","Â 12217","Â 75","Â 48","Â 25","Â 24661","Â 18309","Â 6083","Â 24359","Â 19571","Â 4457","Â 5324","Â 4304","Â 925","Â 292","Â 7004","Â 36390","Â 7.6","Â 7.6","Â 7.9","Â 8.0","Â 7.9","Â 7.7","Â 7.7","Â 7.7","Â 7.5","Â 7.5","Â 7.4","Â 7.4","Â 7.4","Â 7.6","Â 5.9","Â 6.4","Â 7.4","Â 7.5"
"26","Django UnchainedÂ (2012)",8.4,"1,056,822","Drama","Western","",81,"Budget:        $100,000,000              (estimated)","165 min",234824,339329,286911,121445,38251,14227,6469,4149,3181,8065,"Â 695211","Â 139226","Â 3250","Â 2726","Â 501","Â 410538","Â 332690","Â 74006","Â 301231","Â 253253","Â 43774","Â 57463","Â 47535","Â 8962","Â 816","Â 123423","Â 448126","Â 8.4","Â 8.4","Â 8.8","Â 8.9","Â 8.5","Â 8.6","Â 8.6","Â 8.5","Â 8.3","Â 8.3","Â 8.3","Â 8.0","Â 8.0","Â 8.1","Â 8.0","Â 7.8","Â 8.4","Â 8.4"
"27","Doctor StrangeÂ (2016)",7.6,"328,932","Action","Adventure","Fantasy",72,"Budget:        $165,000,000              (estimated)","115 min",38952,51465,102744,83322,32430,10744,3786,1854,1038,2667,"Â 202386","Â 42203","Â 2526","Â 1970","Â 540","Â 117060","Â 93330","Â 22484","Â 87961","Â 74305","Â 12327","Â 17122","Â 14163","Â 2629","Â 545","Â 36644","Â 133095","Â 7.5","Â 7.8","Â 8.0","Â 8.0","Â 8.3","Â 7.6","Â 7.6","Â 7.8","Â 7.4","Â 7.4","Â 7.7","Â 7.5","Â 7.4","Â 7.8","Â 7.7","Â 7.1","Â 7.6","Â 7.4"
"28","DriveÂ (2011)",7.8,"467,642","Crime","Drama","",78,"Budget:        $15,000,000              (estimated)","100 min",74421,96998,130187,82653,38557,17321,9132,5694,4114,8576,"Â 336319","Â 64201","Â 862","Â 711","Â 143","Â 183472","Â 149002","Â 32549","Â 176080","Â 148869","Â 24691","Â 27894","Â 23441","Â 3905","Â 737","Â 70338","Â 247150","Â 7.9","Â 7.6","Â 8.5","Â 8.5","Â 7.9","Â 7.9","Â 8.0","Â 7.6","Â 7.7","Â 7.8","Â 7.5","Â 7.4","Â 7.4","Â 7.4","Â 7.8","Â 7.6","Â 8.0","Â 7.8"
"29","Edge of TomorrowÂ (2014)",7.9,"480,513","Action","Adventure","Sci-Fi",71,"Budget:        $178,000,000              (estimated)","113 min",60383,99596,175961,100724,28982,8145,2858,1368,857,1661,"Â 341199","Â 45790","Â 1893","Â 1584","Â 292","Â 172016","Â 148814","Â 21495","Â 157476","Â 138752","Â 16463","Â 30965","Â 26562","Â 3820","Â 691","Â 55486","Â 217557","Â 7.9","Â 7.8","Â 8.2","Â 8.1","Â 8.2","Â 8.0","Â 8.0","Â 7.8","Â 7.8","Â 7.8","Â 7.7","Â 7.8","Â 7.8","Â 7.8","Â 8.1","Â 7.5","Â 8.0","Â 7.8"
"30","End of WatchÂ (2012)",7.7,"194,675","Crime","Drama","Thriller",68,"Budget:        $7,000,000              (estimated)","109 min",20733,32267,68590,46486,15489,5370,2235,1186,805,1521,"Â 147679","Â 17678","Â 261","Â 235","Â 22","Â 70095","Â 62195","Â 7250","Â 73097","Â 64952","Â 7265","Â 13479","Â 11530","Â 1719","Â 537","Â 32761","Â 94643","Â 7.6","Â 7.6","Â 7.9","Â 7.9","Â 7.8","Â 7.8","Â 7.8","Â 7.7","Â 7.5","Â 7.5","Â 7.5","Â 7.4","Â 7.4","Â 7.5","Â 7.9","Â 6.5","Â 7.7","Â 7.6"
"31","Ex MachinaÂ (2014)",7.7,"348,550","Drama","Mystery","Sci-Fi",78,"Budget:        $15,000,000              (estimated)","108 min",29780,64769,123938,82736,28662,9579,3806,1951,1165,2182,"Â 237599","Â 41160","Â 1154","Â 899","Â 242","Â 126754","Â 103143","Â 22173","Â 113021","Â 97929","Â 13354","Â 23940","Â 20773","Â 2697","Â 611","Â 42556","Â 164526","Â 7.8","Â 7.5","Â 8.0","Â 8.1","Â 7.8","Â 7.9","Â 7.9","Â 7.6","Â 7.6","Â 7.6","Â 7.4","Â 7.6","Â 7.6","Â 7.4","Â 8.2","Â 7.5","Â 7.9","Â 7.7"
"32","FlippedÂ (2010)",7.7,"66,461","Comedy","Drama","Romance",NA,"Budget:        $14,000,000              (estimated)","",11354,11050,20808,14372,5412,1848,664,321,230,402,"Â 33714","Â 22540","Â 320","Â 108","Â 207","Â 32475","Â 16916","Â 15217","Â 18576","Â 12982","Â 5338","Â 3399","Â 2616","Â 721","Â 275","Â 7362","Â 36050","Â 7.6","Â 7.9","Â 8.0","Â 7.6","Â 8.3","Â 7.9","Â 7.8","Â 8.0","Â 7.5","Â 7.5","Â 7.7","Â 7.4","Â 7.3","Â 7.6","Â 7.5","Â 6.4","Â 7.5","Â 7.7"
"33","FuryÂ (2014)",7.6,"337,571","Action","Drama","War",64,"Budget:        $68,000,000              (estimated)","134 min",36753,54703,111271,82505,30231,10553,4303,2388,1629,3246,"Â 238800","Â 30746","Â 1234","Â 1028","Â 196","Â 127986","Â 110868","Â 15886","Â 99386","Â 88611","Â 9444","Â 21524","Â 18781","Â 2392","Â 548","Â 35750","Â 148301","Â 7.6","Â 7.6","Â 8.0","Â 8.0","Â 8.3","Â 7.7","Â 7.7","Â 7.7","Â 7.4","Â 7.4","Â 7.4","Â 7.4","Â 7.4","Â 7.4","Â 7.2","Â 6.8","Â 7.6","Â 7.5"
"34","Gone GirlÂ (2014)",8.1,"649,474","Crime","Drama","Mystery",79,"Budget:        $61,000,000              (estimated)","149 min",89539,177373,218018,103600,32989,11691,5285,3262,2247,5500,"Â 397571","Â 113606","Â 2286","Â 1598","Â 665","Â 260425","Â 193602","Â 64291","Â 179552","Â 144771","Â 32133","Â 34696","Â 27226","Â 6840","Â 689","Â 70667","Â 280587","Â 8.1","Â 8.1","Â 8.5","Â 8.6","Â 8.4","Â 8.3","Â 8.3","Â 8.2","Â 7.9","Â 8.0","Â 7.9","Â 7.7","Â 7.7","Â 7.7","Â 8.2","Â 7.6","Â 8.1","Â 8.1"
"35","GravityÂ (2013)",7.8,"630,890","Drama","Sci-Fi","Thriller",96,"Budget:        $100,000,000              (estimated)","91 min",89986,127616,169693,122275,57564,25393,12286,7868,5751,12473,"Â 427135","Â 87618","Â 2173","Â 1684","Â 468","Â 233044","Â 186837","Â 43833","Â 203844","Â 171281","Â 29467","Â 44088","Â 36531","Â 6764","Â 771","Â 76797","Â 292714","Â 7.8","Â 7.5","Â 7.5","Â 7.6","Â 7.4","Â 7.8","Â 7.9","Â 7.5","Â 7.8","Â 7.8","Â 7.5","Â 7.7","Â 7.7","Â 7.5","Â 8.4","Â 7.5","Â 7.9","Â 7.8"
"36","Guardians of the GalaxyÂ (2014)",8.1,"778,220","Action","Adventure","Sci-Fi",76,"Budget:        $170,000,000              (estimated)","121 min",156606,185326,216876,127878,49009,18501,8326,4772,3243,7714,"Â 491689","Â 101957","Â 5154","Â 3949","Â 1170","Â 288707","Â 231018","Â 54884","Â 207895","Â 176032","Â 28924","Â 42006","Â 34512","Â 6802","Â 774","Â 97905","Â 296439","Â 8.0","Â 8.1","Â 8.4","Â 8.4","Â 8.5","Â 8.1","Â 8.1","Â 8.1","Â 7.9","Â 7.9","Â 8.0","Â 7.9","Â 7.9","Â 8.0","Â 8.3","Â 7.6","Â 8.3","Â 7.9"
"37","Hacksaw RidgeÂ (2016)",8.2,"244,314","Biography","Drama","History",71,"Budget:        $40,000,000              (estimated)","139 min",54165,66161,69445,34213,11126,4297,1857,939,639,1541,"Â 156398","Â 26285","Â 1929","Â 1566","Â 355","Â 89668","Â 75012","Â 13856","Â 61304","Â 53275","Â 7211","Â 14352","Â 12020","Â 2088","Â 465","Â 26686","Â 100119","Â 8.1","Â 8.3","Â 8.7","Â 8.7","Â 8.9","Â 8.3","Â 8.3","Â 8.4","Â 7.9","Â 7.9","Â 8.1","Â 8.1","Â 8.0","Â 8.4","Â 8.2","Â 7.8","Â 8.2","Â 8.0"
"38","Harry Potter and the Deathly Hallows: Part 1Â (2010)",7.7,"363,226","Adventure","Family","Fantasy",65,"Budget:        Â£150,000,000              (estimated)","146 min",68937,54947,102488,80465,31205,11792,4808,2454,1617,4522,"Â 223868","Â 79506","Â 1967","Â 1310","Â 638","Â 178871","Â 126052","Â 51112","Â 94328","Â 73103","Â 20145","Â 18077","Â 14073","Â 3750","Â 734","Â 56139","Â 180885","Â 7.5","Â 8.2","Â 8.1","Â 7.9","Â 8.6","Â 7.9","Â 7.7","Â 8.3","Â 7.4","Â 7.3","Â 8.1","Â 7.4","Â 7.3","Â 8.0","Â 8.0","Â 6.7","Â 7.9","Â 7.5"
"39","Hell or High WaterÂ (2016)",7.7,"125,026","Crime","Drama","Thriller",88,"Budget:        $12,000,000              (estimated)","102 min",8445,19789,45260,35212,11130,3102,932,475,233,471,"Â 88398","Â 10427","Â 564","Â 519","Â 43","Â 41898","Â 37112","Â 4370","Â 40564","Â 36251","Â 3817","Â 10696","Â 9091","Â 1425","Â 403","Â 18746","Â 57907","Â 7.7","Â 7.4","Â 8.1","Â 8.1","Â 7.7","Â 7.7","Â 7.8","Â 7.4","Â 7.5","Â 7.6","Â 7.4","Â 7.6","Â 7.6","Â 7.7","Â 8.0","Â 7.3","Â 7.9","Â 7.5"
"40","HerÂ (2013)",8,"398,431","Drama","Romance","Sci-Fi",90,"Budget:        $23,000,000              (estimated)","126 min",61098,95920,117761,67804,27718,11647,5673,3517,2464,4841,"Â 252724","Â 72611","Â 1193","Â 851","Â 330","Â 167097","Â 123183","Â 42078","Â 119227","Â 95815","Â 21544","Â 21741","Â 17515","Â 3770","Â 612","Â 48466","Â 188937","Â 8.0","Â 7.8","Â 8.5","Â 8.6","Â 8.0","Â 8.2","Â 8.2","Â 7.9","Â 7.8","Â 7.8","Â 7.6","Â 7.4","Â 7.4","Â 7.0","Â 7.7","Â 7.3","Â 8.1","Â 7.9"
"41","Hidden FiguresÂ (2016)",7.8,"111,357","Biography","Drama","History",74,"Budget:        $25,000,000              (estimated)","127 min",17102,21245,39272,23277,6287,1812,685,296,292,1111,"Â 58466","Â 26503","Â 671","Â 410","Â 251","Â 35076","Â 22114","Â 12543","Â 32331","Â 23539","Â 8288","Â 11025","Â 7969","Â 2848","Â 347","Â 17182","Â 45276","Â 7.7","Â 8.3","Â 8.0","Â 7.7","Â 8.6","Â 7.8","Â 7.7","Â 8.3","Â 7.7","Â 7.6","Â 8.1","Â 8.0","Â 7.9","Â 8.5","Â 8.4","Â 6.9","Â 7.9","Â 7.7"
"42","How to Train Your Dragon 2Â (2014)",7.9,"240,983","Animation","Action","Adventure",76,"Opening Weekend:         $49,451,322              (USA)      (13 June 2014)","",42636,45890,74727,49766,17632,5547,1936,897,586,1373,"Â 147074","Â 45334","Â 1714","Â 1158","Â 544","Â 106062","Â 77742","Â 27287","Â 61623","Â 49351","Â 11407","Â 10008","Â 7813","Â 2009","Â 487","Â 27102","Â 103921","Â 7.8","Â 8.1","Â 8.1","Â 7.9","Â 8.4","Â 8.0","Â 7.9","Â 8.2","Â 7.6","Â 7.5","Â 7.9","Â 7.6","Â 7.5","Â 7.9","Â 7.5","Â 7.2","Â 7.8","Â 7.7"
"43","How to Train Your DragonÂ (2010)",8.1,"532,296","Animation","Action","Adventure",74,"Opening Weekend:         $43,732,319              (USA)      (26 March 2010)","",103844,127521,167836,89478,26766,8277,2953,1535,1007,3091,"Â 327837","Â 105104","Â 2783","Â 1940","Â 824","Â 232014","Â 167259","Â 62711","Â 151469","Â 120140","Â 29483","Â 26139","Â 20418","Â 5320","Â 744","Â 73637","Â 244365","Â 8.1","Â 8.4","Â 8.0","Â 7.9","Â 8.3","Â 8.3","Â 8.2","Â 8.5","Â 8.0","Â 8.0","Â 8.4","Â 7.9","Â 7.9","Â 8.2","Â 8.0","Â 7.4","Â 8.1","Â 8.1"
"44","HugoÂ (2011)",7.5,"261,953","Adventure","Drama","Family",83,"Budget:        $150,000,000              (estimated)","126 min",29228,40728,77893,62936,27932,11179,4664,2674,1700,3023,"Â 179655","Â 47795","Â 884","Â 616","Â 250","Â 105814","Â 79064","Â 25620","Â 93126","Â 76098","Â 15694","Â 22136","Â 17667","Â 4065","Â 669","Â 39127","Â 142850","Â 7.5","Â 7.6","Â 7.8","Â 7.8","Â 7.6","Â 7.7","Â 7.7","Â 7.7","Â 7.4","Â 7.4","Â 7.4","Â 7.5","Â 7.5","Â 7.6","Â 7.4","Â 7.4","Â 7.7","Â 7.5"
"45","Hunt for the WilderpeopleÂ (2016)",7.9,"56,964","Adventure","Comedy","Drama",81,"Opening Weekend:         $77,298              (USA)      (24 June 2016)","",7503,12086,19930,11626,3709,1084,404,224,150,259,"Â 37495","Â 7737","Â 306","Â 246","Â 57","Â 19647","Â 15808","Â 3598","Â 18839","Â 15838","Â 2750","Â 4345","Â 3501","Â 754","Â 240","Â 6165","Â 28979","Â 7.8","Â 8.2","Â 8.2","Â 8.2","Â 8.6","Â 8.0","Â 7.9","Â 8.2","Â 7.8","Â 7.7","Â 8.1","Â 7.7","Â 7.6","Â 8.2","Â 8.0","Â 7.1","Â 8.0","Â 7.8"
"46","I, Daniel BlakeÂ (2016)",7.9,"28,350","Drama","","",78,"Opening Weekend:         $18,682              (USA)      (2 June 2017)","",3576,5803,9651,5309,1668,550,226,131,91,1355,"Â 18739","Â 4275","Â 101","Â 81","Â 20","Â 8913","Â 7022","Â 1792","Â 9567","Â 7794","Â 1628","Â 3313","Â 2732","Â 535","Â 180","Â 1443","Â 16641","Â 7.8","Â 8.1","Â 7.8","Â 7.7","Â 8.2","Â 7.9","Â 7.9","Â 8.1","Â 7.8","Â 7.8","Â 8.1","Â 8.0","Â 8.0","Â 8.2","Â 9.1","Â 6.9","Â 7.6","Â 7.9"
"47","InceptionÂ (2010)",8.8,"1,609,713","Action","Adventure","Sci-Fi",74,"Budget:        $160,000,000              (estimated)","148 min",584839,485218,304457,130972,46393,20595,10050,6631,5243,15365,"Â 1044318","Â 239796","Â 5678","Â 4462","Â 1184","Â 655187","Â 512411","Â 136770","Â 472680","Â 392845","Â 73555","Â 79634","Â 65508","Â 12795","Â 885","Â 212524","Â 707266","Â 8.8","Â 8.7","Â 9.1","Â 9.1","Â 9.0","Â 9.0","Â 9.0","Â 8.8","Â 8.7","Â 8.7","Â 8.5","Â 8.1","Â 8.1","Â 8.0","Â 8.6","Â 8.2","Â 8.7","Â 8.8"
"48","Inside OutÂ (2015)",8.2,"430,229","Animation","Adventure","Comedy",94,"Budget:        $175,000,000              (estimated)","95 min",87509,113244,119801,67153,24210,8542,3349,1872,1123,3450,"Â 244433","Â 79081","Â 3361","Â 2294","Â 1040","Â 170056","Â 121574","Â 46685","Â 108560","Â 86312","Â 20516","Â 18694","Â 14910","Â 3416","Â 587","Â 48297","Â 176446","Â 8.2","Â 8.2","Â 8.4","Â 8.4","Â 8.3","Â 8.3","Â 8.3","Â 8.3","Â 8.1","Â 8.1","Â 8.1","Â 7.9","Â 7.9","Â 7.9","Â 8.6","Â 7.6","Â 8.2","Â 8.1"
"49","InterstellarÂ (2014)",8.6,"1,075,163","Adventure","Drama","Sci-Fi",74,"Budget:        $165,000,000              (estimated)","169 min",394006,291172,199884,103323,40514,17423,8657,5592,4113,10530,"Â 682280","Â 128771","Â 5735","Â 4596","Â 1104","Â 414718","Â 338261","Â 72554","Â 273267","Â 232939","Â 36187","Â 52157","Â 43831","Â 7337","Â 730","Â 99615","Â 415283","Â 8.6","Â 8.4","Â 8.9","Â 8.9","Â 8.8","Â 8.8","Â 8.9","Â 8.6","Â 8.4","Â 8.4","Â 8.2","Â 7.9","Â 7.9","Â 7.7","Â 8.2","Â 7.9","Â 8.4","Â 8.5"
"50","Kick-AssÂ (2010)",7.7,"461,860","Action","Comedy","",66,"Budget:        $30,000,000              (estimated)","117 min",59740,77776,143023,103305,41417,16195,7398,4074,2842,6102,"Â 336585","Â 57638","Â 1314","Â 1001","Â 305","Â 191541","Â 155998","Â 33796","Â 164120","Â 143952","Â 18328","Â 25423","Â 22259","Â 2756","Â 794","Â 75909","Â 244929","Â 7.7","Â 7.5","Â 7.9","Â 7.9","Â 7.9","Â 7.7","Â 7.7","Â 7.5","Â 7.7","Â 7.7","Â 7.5","Â 7.6","Â 7.7","Â 7.4","Â 7.7","Â 7.1","Â 7.8","Â 7.7"
"51","Kingsman: The Secret ServiceÂ (2014)",7.7,"450,500","Action","Adventure","Comedy",NA,"Budget:        $81,000,000              (estimated)","129 min",62137,85369,142690,95539,36464,13388,5695,3192,2110,3941,"Â 285835","Â 64396","Â 2691","Â 2044","Â 621","Â 174482","Â 136669","Â 35900","Â 122842","Â 103094","Â 17968","Â 26611","Â 21772","Â 4386","Â 653","Â 48632","Â 193458","Â 7.7","Â 7.8","Â 8.4","Â 8.3","Â 8.6","Â 7.9","Â 7.9","Â 7.9","Â 7.5","Â 7.5","Â 7.6","Â 7.5","Â 7.5","Â 7.6","Â 7.4","Â 7.2","Â 7.7","Â 7.6"
"52","Kubo and the Two StringsÂ (2016)",7.8,"78,588","Animation","Adventure","Family",84,"Opening Weekend:         $12,608,372              (USA)      (19 August 2016)","",10880,16153,25396,16686,5936,1893,645,341,215,451,"Â 50701","Â 10485","Â 442","Â 350","Â 89","Â 30434","Â 24438","Â 5686","Â 22571","Â 19123","Â 3126","Â 4028","Â 3328","Â 614","Â 296","Â 11678","Â 33369","Â 7.8","Â 8.0","Â 8.0","Â 7.9","Â 8.6","Â 7.9","Â 7.9","Â 8.0","Â 7.7","Â 7.7","Â 7.9","Â 7.8","Â 7.7","Â 8.1","Â 8.0","Â 7.1","Â 7.9","Â 7.7"
"53","La La LandÂ (2016)",8.2,"290,330","Comedy","Drama","Music",93,"Budget:        $30,000,000              (estimated)","128 min",74245,71191,64640,38831,17377,8044,3998,2839,2407,6802,"Â 157693","Â 56713","Â 2675","Â 1784","Â 868","Â 113008","Â 78998","Â 32730","Â 66058","Â 50835","Â 14165","Â 15765","Â 12148","Â 3302","Â 454","Â 33360","Â 117987","Â 8.2","Â 8.1","Â 8.9","Â 9.0","Â 8.7","Â 8.4","Â 8.4","Â 8.2","Â 7.9","Â 7.9","Â 7.8","Â 7.6","Â 7.6","Â 7.5","Â 8.4","Â 7.1","Â 8.3","Â 8.1"
"54","Les MisÃ©rablesÂ (2012)",7.6,"260,178","Drama","Musical","Romance",63,"Budget:        $61,000,000              (estimated)","158 min",54268,47750,63323,45160,22393,10744,5551,3484,2490,5020,"Â 141014","Â 73591","Â 972","Â 502","Â 456","Â 112609","Â 68687","Â 42720","Â 69385","Â 49760","Â 18632","Â 18404","Â 12811","Â 5282","Â 623","Â 42302","Â 112787","Â 7.5","Â 7.9","Â 7.9","Â 7.6","Â 8.4","Â 7.8","Â 7.7","Â 8.0","Â 7.3","Â 7.2","Â 7.6","Â 7.4","Â 7.3","Â 7.7","Â 7.5","Â 6.6","Â 7.6","Â 7.5"
"55","LionÂ (2016)",8.1,"123,032","Biography","Drama","",69,"Budget:        $12,000,000              (estimated)","118 min",23325,29830,40564,20296,5842,1669,558,309,182,493,"Â 68921","Â 24977","Â 702","Â 477","Â 220","Â 42962","Â 29729","Â 12780","Â 34297","Â 26384","Â 7413","Â 9054","Â 6714","Â 2184","Â 298","Â 13478","Â 53931","Â 8.0","Â 8.4","Â 8.3","Â 8.2","Â 8.7","Â 8.1","Â 8.0","Â 8.4","Â 8.0","Â 7.9","Â 8.2","Â 8.0","Â 7.9","Â 8.4","Â 8.4","Â 7.1","Â 8.1","Â 8.0"
"56","Lone SurvivorÂ (2013)",7.5,"222,343","Action","Biography","Drama",NA,"Budget:        $40,000,000              (estimated)","121 min",30856,33356,68808,54195,20772,7205,2727,1409,887,2133,"Â 163657","Â 17260","Â 602","Â 529","Â 66","Â 79483","Â 71556","Â 7205","Â 71559","Â 64441","Â 6225","Â 16429","Â 14140","Â 2027","Â 518","Â 32733","Â 95220","Â 7.5","Â 7.7","Â 7.9","Â 7.9","Â 8.3","Â 7.7","Â 7.7","Â 7.8","Â 7.3","Â 7.3","Â 7.6","Â 7.5","Â 7.4","Â 7.8","Â 7.1","Â 6.8","Â 7.8","Â 7.3"
"57","Mad Max: Fury RoadÂ (2015)",8.1,"649,540","Action","Adventure","Sci-Fi",90,"Budget:        $150,000,000              (estimated)","120 min",136194,158403,163494,97218,42636,19505,9932,6743,4930,10516,"Â 424435","Â 69670","Â 3159","Â 2682","Â 456","Â 238202","Â 198026","Â 37751","Â 183637","Â 159520","Â 21373","Â 34848","Â 29980","Â 4209","Â 726","Â 73080","Â 267084","Â 8.1","Â 7.9","Â 8.5","Â 8.6","Â 8.4","Â 8.3","Â 8.3","Â 8.1","Â 8.0","Â 8.0","Â 7.8","Â 7.5","Â 7.5","Â 7.2","Â 8.6","Â 8.0","Â 8.2","Â 8.0"
"58","Manchester by the SeaÂ (2016)",7.9,"150,266","Drama","","",96,"Budget:        $8,500,000              (estimated)","137 min",18191,33532,46596,29626,11879,4539,1976,1233,888,1834,"Â 92452","Â 22834","Â 855","Â 681","Â 166","Â 55475","Â 43467","Â 11378","Â 40645","Â 32983","Â 7053","Â 11361","Â 8862","Â 2306","Â 402","Â 20287","Â 65837","Â 7.9","Â 7.7","Â 8.5","Â 8.5","Â 8.1","Â 8.0","Â 8.1","Â 7.8","Â 7.7","Â 7.7","Â 7.7","Â 7.6","Â 7.6","Â 7.6","Â 8.0","Â 7.1","Â 7.9","Â 7.8"
"59","Me and Earl and the Dying GirlÂ (2015)",7.8,"94,563","Comedy","Drama","",74,"Budget:        $8,000,000              (estimated)","105 min",11574,17654,32456,21273,7091,2275,969,456,251,574,"Â 57403","Â 18413","Â 576","Â 331","Â 239","Â 42549","Â 30310","Â 11703","Â 24352","Â 19639","Â 4326","Â 5114","Â 4070","Â 930","Â 324","Â 11863","Â 44595","Â 7.7","Â 7.8","Â 8.2","Â 8.2","Â 8.1","Â 7.9","Â 7.9","Â 7.9","Â 7.5","Â 7.5","Â 7.6","Â 7.5","Â 7.5","Â 7.7","Â 8.0","Â 6.8","Â 7.8","Â 7.7"
"60","Midnight in ParisÂ (2011)",7.7,"324,479","Comedy","Fantasy","Romance",81,"Budget:        $17,000,000              (estimated)","",37002,56920,103006,72777,29887,12268,5169,2764,1789,2901,"Â 195745","Â 81470","Â 542","Â 333","Â 204","Â 133114","Â 85896","Â 45730","Â 111940","Â 83675","Â 26488","Â 23907","Â 18272","Â 5211","Â 642","Â 46033","Â 172245","Â 7.7","Â 7.6","Â 8.0","Â 8.1","Â 7.7","Â 7.8","Â 7.9","Â 7.7","Â 7.5","Â 7.5","Â 7.5","Â 7.6","Â 7.6","Â 7.8","Â 8.0","Â 7.1","Â 7.8","Â 7.6"
"61","MoanaÂ (2016)",7.7,"142,460","Animation","Adventure","Comedy",81,"Opening Weekend:         $56,631,401              (USA)      (25 November 2016)","",20476,22616,44010,34723,13325,4140,1310,693,394,830,"Â 76266","Â 29532","Â 1245","Â 724","Â 508","Â 52947","Â 35447","Â 16926","Â 36736","Â 28564","Â 7633","Â 6316","Â 4862","Â 1328","Â 346","Â 20607","Â 54589","Â 7.5","Â 8.0","Â 8.0","Â 7.9","Â 8.4","Â 7.7","Â 7.6","Â 8.0","Â 7.5","Â 7.4","Â 7.9","Â 7.5","Â 7.5","Â 8.0","Â 7.6","Â 7.1","Â 7.8","Â 7.5"
"62","MoneyballÂ (2011)",7.6,"300,199","Biography","Drama","Sport",87,"Budget:        $50,000,000              (estimated)","133 min",20734,43329,108133,85628,27802,8094,2802,1304,778,1604,"Â 222663","Â 34888","Â 389","Â 350","Â 37","Â 113508","Â 97523","Â 14950","Â 112429","Â 96552","Â 14345","Â 21998","Â 17897","Â 3726","Â 645","Â 55437","Â 146951","Â 7.6","Â 7.3","Â 8.0","Â 8.1","Â 7.6","Â 7.7","Â 7.8","Â 7.3","Â 7.5","Â 7.5","Â 7.2","Â 7.5","Â 7.5","Â 7.5","Â 7.7","Â 7.1","Â 7.8","Â 7.5"
"63","Moonrise KingdomÂ (2012)",7.8,"258,231","Adventure","Comedy","Drama",84,"Budget:        $16,000,000              (estimated)","94 min",34789,53660,82864,50730,19378,7682,3443,1949,1340,2407,"Â 164811","Â 53362","Â 699","Â 503","Â 189","Â 101334","Â 71073","Â 29082","Â 89676","Â 70995","Â 17363","Â 19062","Â 14894","Â 3822","Â 637","Â 48041","Â 125272","Â 7.8","Â 7.9","Â 8.3","Â 8.3","Â 8.2","Â 8.0","Â 8.0","Â 8.0","Â 7.6","Â 7.6","Â 7.7","Â 7.5","Â 7.5","Â 7.6","Â 7.7","Â 7.2","Â 8.0","Â 7.7"
"64","NebraskaÂ (2013)",7.7,"97,059","Adventure","Comedy","Drama",86,"Budget:        $12,000,000              (estimated)","115 min",8377,17556,35402,22938,7672,2578,993,535,372,638,"Â 70069","Â 13162","Â 154","Â 128","Â 23","Â 33708","Â 28004","Â 5354","Â 35361","Â 29899","Â 4966","Â 11142","Â 8910","Â 2028","Â 458","Â 18237","Â 48960","Â 7.7","Â 7.7","Â 8.0","Â 8.0","Â 7.5","Â 7.8","Â 7.9","Â 7.8","Â 7.7","Â 7.7","Â 7.7","Â 7.7","Â 7.7","Â 7.9","Â 7.7","Â 7.3","Â 7.8","Â 7.7"
"65","NightcrawlerÂ (2014)",7.9,"340,717","Crime","Drama","Thriller",76,"Budget:        $8,500,000              (estimated)","118 min",30873,66834,130676,77067,22511,6698,2538,1243,790,1503,"Â 235721","Â 38888","Â 1273","Â 1077","Â 186","Â 139458","Â 116782","Â 21181","Â 101467","Â 87631","Â 12407","Â 17889","Â 15053","Â 2504","Â 584","Â 41811","Â 160134","Â 7.9","Â 7.7","Â 8.4","Â 8.5","Â 8.2","Â 8.0","Â 8.0","Â 7.7","Â 7.7","Â 7.7","Â 7.5","Â 7.7","Â 7.7","Â 7.7","Â 8.3","Â 7.8","Â 8.0","Â 7.8"
"66","PhilomenaÂ (2013)",7.6,"81,855","Biography","Drama","",77,"Budget:        $12,000,000              (estimated)","98 min",6420,12446,30264,22752,6670,1743,599,293,163,506,"Â 49275","Â 20366","Â 151","Â 102","Â 44","Â 25522","Â 16846","Â 8377","Â 29308","Â 21323","Â 7568","Â 11825","Â 8544","Â 3079","Â 436","Â 12916","Â 42480","Â 7.6","Â 7.7","Â 7.8","Â 7.7","Â 8.0","Â 7.6","Â 7.6","Â 7.7","Â 7.6","Â 7.5","Â 7.7","Â 7.8","Â 7.7","Â 7.9","Â 7.9","Â 7.1","Â 7.7","Â 7.6"
"67","PrideÂ (2014)",7.8,"40,577","Biography","Comedy","Drama",79,"Production Co:        PathÃ©,        BBC Films,        Proud Films              See moreÂ Â»","",6231,7731,13286,8196,2677,935,355,209,160,798,"Â 23595","Â 10096","Â 118","Â 64","Â 53","Â 12891","Â 7830","Â 4836","Â 14115","Â 10412","Â 3476","Â 5303","Â 4045","Â 1163","Â 288","Â 3222","Â 23143","Â 7.6","Â 8.1","Â 8.0","Â 7.6","Â 8.9","Â 7.9","Â 7.7","Â 8.2","Â 7.6","Â 7.5","Â 7.9","Â 7.9","Â 7.8","Â 8.2","Â 8.2","Â 6.7","Â 7.7","Â 7.7"
"68","PrisonersÂ (2013)",8.1,"441,037","Crime","Drama","Mystery",74,"Budget:        $46,000,000              (estimated)","153 min",57400,110853,161533,77122,20845,6515,2540,1376,897,1978,"Â 297561","Â 59221","Â 1332","Â 1075","Â 248","Â 177661","Â 144671","Â 31288","Â 132740","Â 111870","Â 19074","Â 23642","Â 19293","Â 3934","Â 650","Â 48353","Â 208355","Â 8.1","Â 8.0","Â 8.6","Â 8.6","Â 8.7","Â 8.2","Â 8.2","Â 8.1","Â 7.9","Â 7.9","Â 7.9","Â 7.7","Â 7.7","Â 7.8","Â 7.9","Â 7.6","Â 8.1","Â 8.0"
"69","Rise of the Planet of the ApesÂ (2011)",7.6,"434,037","Action","Drama","Sci-Fi",68,"Opening Weekend:         $54,806,191              (USA)      (5 August 2011)","",38666,61881,150351,116877,40634,13541,5252,2524,1566,2773,"Â 320581","Â 47940","Â 1447","Â 1234","Â 202","Â 165596","Â 139939","Â 24111","Â 156688","Â 137427","Â 17241","Â 29985","Â 25601","Â 3873","Â 746","Â 68084","Â 213736","Â 7.6","Â 7.5","Â 7.8","Â 7.8","Â 7.9","Â 7.6","Â 7.6","Â 7.6","Â 7.5","Â 7.5","Â 7.5","Â 7.4","Â 7.4","Â 7.5","Â 7.1","Â 7.1","Â 7.6","Â 7.5"
"70","Rogue OneÂ (2016)",7.9,"349,210","Action","Adventure","Sci-Fi",65,"Budget:        $200,000,000              (estimated)","133 min",59090,78701,100374,63394,26072,9915,4002,2268,1527,3901,"Â 229114","Â 32521","Â 2577","Â 2176","Â 388","Â 110156","Â 93000","Â 15918","Â 104268","Â 92227","Â 10442","Â 23372","Â 20336","Â 2587","Â 569","Â 47885","Â 139367","Â 7.9","Â 7.9","Â 8.0","Â 8.0","Â 8.1","Â 7.9","Â 7.9","Â 7.9","Â 7.8","Â 7.8","Â 7.8","Â 7.8","Â 7.8","Â 7.8","Â 7.9","Â 7.5","Â 8.0","Â 7.7"
"71","RushÂ (2013)",8.1,"345,486","Action","Biography","Drama",75,"Budget:        $38,000,000              (estimated)","123 min",53667,90907,119603,57343,14948,4436,1625,803,633,1532,"Â 246354","Â 35289","Â 888","Â 769","Â 115","Â 138327","Â 119048","Â 17987","Â 105712","Â 92487","Â 11717","Â 20105","Â 17096","Â 2660","Â 593","Â 30738","Â 168519","Â 8.1","Â 8.0","Â 8.3","Â 8.3","Â 8.0","Â 8.3","Â 8.3","Â 8.2","Â 8.0","Â 8.0","Â 7.9","Â 7.8","Â 7.8","Â 7.8","Â 7.4","Â 7.1","Â 7.9","Â 8.1"
"72","Scott Pilgrim vs. the WorldÂ (2010)",7.5,"297,633","Action","Comedy","Romance",69,"Budget:        $60,000,000              (estimated)","112 min",47292,48976,79198,59689,28452,13451,6977,4254,3069,6287,"Â 208417","Â 45718","Â 1022","Â 791","Â 221","Â 129202","Â 99363","Â 28557","Â 102986","Â 88456","Â 13334","Â 14195","Â 12157","Â 1778","Â 677","Â 56559","Â 150511","Â 7.5","Â 7.4","Â 8.1","Â 8.2","Â 8.0","Â 7.6","Â 7.7","Â 7.5","Â 7.4","Â 7.4","Â 7.2","Â 7.1","Â 7.1","Â 7.0","Â 7.8","Â 6.6","Â 7.8","Â 7.4"
"73","Short Term 12Â (2013)",8,"63,459","Drama","","",82,"Opening Weekend:         $56,206              (USA)      (23 August 2013)","",9518,14786,21228,11509,3649,1237,575,362,248,352,"Â 40594","Â 12108","Â 172","Â 119","Â 51","Â 28084","Â 20441","Â 7316","Â 18841","Â 15219","Â 3341","Â 3977","Â 3104","Â 799","Â 319","Â 11174","Â 31098","Â 8.0","Â 8.2","Â 8.5","Â 8.5","Â 8.7","Â 8.2","Â 8.2","Â 8.3","Â 7.8","Â 7.7","Â 7.9","Â 7.7","Â 7.7","Â 8.0","Â 8.5","Â 7.0","Â 8.3","Â 7.9"
"74","Shutter IslandÂ (2010)",8.1,"871,391","Mystery","Thriller","",63,"Budget:        $80,000,000              (estimated)","138 min",150405,230844,278844,132349,45167,15615,7061,3780,2662,4703,"Â 570554","Â 136360","Â 2321","Â 1811","Â 494","Â 364786","Â 283316","Â 78332","Â 263273","Â 217923","Â 42222","Â 43235","Â 35277","Â 7256","Â 840","Â 108244","Â 419648","Â 8.1","Â 8.2","Â 8.6","Â 8.6","Â 8.8","Â 8.4","Â 8.4","Â 8.4","Â 7.9","Â 7.9","Â 8.0","Â 7.5","Â 7.4","Â 7.6","Â 7.3","Â 7.6","Â 7.8","Â 8.1"
"75","SicarioÂ (2015)",7.6,"250,849","Action","Crime","Drama",82,"Budget:        $30,000,000              (estimated)","121 min",19576,40247,85359,64633,24920,8548,3261,1669,970,1689,"Â 178321","Â 21448","Â 730","Â 650","Â 73","Â 86373","Â 75660","Â 9762","Â 84517","Â 75208","Â 8116","Â 17615","Â 15277","Â 2011","Â 526","Â 30824","Â 118922","Â 7.6","Â 7.3","Â 7.8","Â 7.8","Â 7.2","Â 7.7","Â 7.7","Â 7.3","Â 7.5","Â 7.6","Â 7.2","Â 7.6","Â 7.6","Â 7.4","Â 8.0","Â 7.2","Â 7.8","Â 7.6"
"76","Silver Linings PlaybookÂ (2012)",7.8,"570,344","Comedy","Drama","Romance",81,"Budget:        $21,000,000              (estimated)","122 min",73783,107247,184382,123467,46614,17257,6997,3682,2457,4470,"Â 338051","Â 131000","Â 1548","Â 875","Â 660","Â 236404","Â 160001","Â 73922","Â 170543","Â 129880","Â 38160","Â 32839","Â 24722","Â 7550","Â 733","Â 79953","Â 259084","Â 7.8","Â 7.7","Â 8.1","Â 8.1","Â 8.1","Â 7.9","Â 7.9","Â 7.7","Â 7.6","Â 7.7","Â 7.6","Â 7.6","Â 7.6","Â 7.7","Â 8.0","Â 6.9","Â 8.0","Â 7.6"
"77","Sing StreetÂ (2016)",8,"56,066","Comedy","Drama","Music",79,"Opening Weekend:         $63,573              (USA)      (15 April 2016)","",8401,12738,19689,10616,3089,825,303,135,79,200,"Â 34349","Â 8738","Â 412","Â 300","Â 109","Â 21258","Â 16219","Â 4808","Â 14781","Â 12094","Â 2423","Â 4053","Â 3329","Â 637","Â 225","Â 7186","Â 24645","Â 8.0","Â 8.0","Â 8.5","Â 8.5","Â 8.4","Â 8.1","Â 8.1","Â 8.1","Â 7.8","Â 7.8","Â 7.8","Â 7.9","Â 7.8","Â 8.0","Â 8.2","Â 7.2","Â 8.1","Â 7.9"
"78","SkyfallÂ (2012)",7.8,"552,367","Action","Adventure","Thriller",81,"Budget:        $200,000,000              (estimated)","143 min",69286,105160,178610,119630,45168,16321,6682,3706,2378,5440,"Â 391158","Â 65929","Â 1726","Â 1443","Â 264","Â 211059","Â 175769","Â 33140","Â 178148","Â 153888","Â 21704","Â 40529","Â 34070","Â 5793","Â 802","Â 73825","Â 262166","Â 7.7","Â 7.7","Â 8.2","Â 8.2","Â 7.9","Â 7.9","Â 7.9","Â 7.8","Â 7.6","Â 7.6","Â 7.6","Â 7.7","Â 7.7","Â 7.9","Â 7.6","Â 7.4","Â 8.0","Â 7.6"
"79","SpotlightÂ (2015)",8.1,"279,211","Crime","Drama","History",93,"Budget:        $20,000,000              (estimated)","128 min",35421,72285,100793,49236,13488,4034,1365,698,517,1388,"Â 173290","Â 43313","Â 1197","Â 961","Â 223","Â 104770","Â 81050","Â 22603","Â 79398","Â 64865","Â 13310","Â 17981","Â 14134","Â 3485","Â 568","Â 33235","Â 125291","Â 8.1","Â 8.1","Â 8.3","Â 8.3","Â 8.4","Â 8.2","Â 8.2","Â 8.2","Â 8.0","Â 8.0","Â 8.0","Â 8.1","Â 8.0","Â 8.4","Â 8.6","Â 7.5","Â 8.3","Â 8.0"
"80","Star Trek Into DarknessÂ (2013)",7.8,"421,473","Action","Adventure","Sci-Fi",72,"Budget:        $190,000,000              (estimated)","132 min",59347,81516,136088,87940,32150,11522,4862,2627,1739,3694,"Â 293195","Â 54871","Â 1167","Â 919","Â 235","Â 139465","Â 112847","Â 25177","Â 148254","Â 127249","Â 18897","Â 35964","Â 29756","Â 5593","Â 747","Â 71968","Â 181224","Â 7.7","Â 8.0","Â 7.8","Â 7.8","Â 8.2","Â 7.9","Â 7.8","Â 8.1","Â 7.6","Â 7.6","Â 7.9","Â 7.7","Â 7.7","Â 8.1","Â 7.4","Â 7.1","Â 7.9","Â 7.6"
"81","Star Wars: The Force AwakensÂ (2015)",8.1,"676,732","Action","Adventure","Fantasy",81,"Budget:        $245,000,000              (estimated)","136 min",155391,161810,166378,99402,40734,18060,8751,5970,4489,15768,"Â 425971","Â 68664","Â 4722","Â 3919","Â 768","Â 220467","Â 183671","Â 34366","Â 187138","Â 162918","Â 21362","Â 42942","Â 36441","Â 5729","Â 712","Â 85141","Â 250769","Â 8.0","Â 8.3","Â 8.5","Â 8.5","Â 8.6","Â 8.2","Â 8.2","Â 8.3","Â 8.0","Â 7.9","Â 8.2","Â 7.9","Â 7.8","Â 8.2","Â 8.3","Â 7.7","Â 8.2","Â 7.9"
"82","Straight Outta ComptonÂ (2015)",7.9,"144,011","Biography","Drama","History",72,"Budget:        $28,000,000              (estimated)","147 min",24527,29039,48956,26956,7959,2418,921,531,427,2286,"Â 96591","Â 14262","Â 760","Â 658","Â 95","Â 55050","Â 47556","Â 6918","Â 40331","Â 35072","Â 4713","Â 7220","Â 5880","Â 1214","Â 393","Â 23736","Â 56104","Â 7.9","Â 8.0","Â 8.3","Â 8.3","Â 8.6","Â 8.0","Â 8.0","Â 8.0","Â 7.7","Â 7.7","Â 7.8","Â 7.4","Â 7.3","Â 7.7","Â 7.9","Â 6.8","Â 7.9","Â 7.7"
"83","TangledÂ (2010)",7.8,"321,593","Animation","Adventure","Comedy",71,"Opening Weekend:         $48,767,052              (USA)      (26 November 2010)","",56575,54688,97207,70947,26805,8530,3043,1396,805,1606,"Â 166088","Â 97213","Â 1950","Â 1048","Â 885","Â 144744","Â 81897","Â 61390","Â 89588","Â 63534","Â 24912","Â 15318","Â 11277","Â 3805","Â 622","Â 47643","Â 148024","Â 7.6","Â 8.2","Â 7.8","Â 7.4","Â 8.3","Â 7.9","Â 7.7","Â 8.2","Â 7.6","Â 7.5","Â 8.0","Â 7.7","Â 7.6","Â 7.9","Â 7.5","Â 6.9","Â 7.9","Â 7.7"
"84","The ArtistÂ (2011)",7.9,"201,344","Comedy","Drama","Romance",89,"Budget:        $15,000,000              (estimated)","100 min",31192,45532,61088,35456,13521,5549,2569,1561,1248,3627,"Â 133682","Â 40741","Â 363","Â 269","Â 92","Â 78061","Â 56575","Â 20653","Â 72326","Â 56949","Â 14301","Â 19149","Â 15042","Â 3773","Â 630","Â 32063","Â 109571","Â 7.9","Â 8.1","Â 8.0","Â 8.0","Â 8.3","Â 8.1","Â 8.1","Â 8.2","Â 7.8","Â 7.8","Â 8.0","Â 7.8","Â 7.8","Â 8.1","Â 8.1","Â 7.1","Â 8.0","Â 7.9"
"85","The AvengersÂ (2012)",8.1,"1,056,773","Action","Sci-Fi","",69,"Budget:        $220,000,000              (estimated)","143 min",260257,234203,264290,162604,67579,27957,12176,7201,4996,15528,"Â 691783","Â 151617","Â 4953","Â 3767","Â 1150","Â 432999","Â 343012","Â 85465","Â 295318","Â 247617","Â 43303","Â 54282","Â 44183","Â 9138","Â 842","Â 145826","Â 423958","Â 8.0","Â 8.2","Â 8.2","Â 8.2","Â 8.5","Â 8.1","Â 8.1","Â 8.3","Â 8.0","Â 8.0","Â 8.1","Â 7.9","Â 7.9","Â 8.1","Â 7.9","Â 7.4","Â 8.3","Â 7.9"
"86","The Big ShortÂ (2015)",7.8,"254,317","Biography","Comedy","Drama",81,"Budget:        $28,000,000              (estimated)","130 min",22879,48091,94303,58756,18650,6141,2253,1133,713,1415,"Â 167875","Â 31804","Â 982","Â 825","Â 147","Â 93777","Â 76925","Â 15725","Â 77242","Â 65202","Â 10813","Â 16496","Â 13532","Â 2658","Â 501","Â 32587","Â 115947","Â 7.8","Â 7.6","Â 7.8","Â 7.8","Â 7.6","Â 7.8","Â 7.9","Â 7.6","Â 7.7","Â 7.7","Â 7.6","Â 7.7","Â 7.7","Â 7.8","Â 7.9","Â 7.3","Â 7.9","Â 7.7"
"87","The Book ThiefÂ (2013)",7.6,"107,880","Drama","War","",NA,"Budget:        $19,000,000              (estimated)","131 min",15911,17607,32570,24461,10274,3848,1387,726,342,755,"Â 59365","Â 29422","Â 481","Â 206","Â 270","Â 41094","Â 24058","Â 16590","Â 32014","Â 23730","Â 7792","Â 10218","Â 7635","Â 2406","Â 378","Â 10845","Â 52519","Â 7.4","Â 7.9","Â 8.0","Â 7.6","Â 8.5","Â 7.7","Â 7.6","Â 8.0","Â 7.3","Â 7.2","Â 7.7","Â 7.6","Â 7.5","Â 8.0","Â 6.7","Â 6.6","Â 7.6","Â 7.5"
"88","The Dark Knight RisesÂ (2012)",8.4,"1,240,780","Action","Thriller","",78,"Budget:        $250,000,000              (estimated)","164 min",380589,341965,281426,134959,50406,20106,9589,5713,4073,11988,"Â 842343","Â 143070","Â 4726","Â 4023","Â 672","Â 509635","Â 425041","Â 79826","Â 348324","Â 299862","Â 43434","Â 55689","Â 46968","Â 7741","Â 840","Â 160533","Â 501687","Â 8.5","Â 8.4","Â 8.6","Â 8.5","Â 8.6","Â 8.7","Â 8.7","Â 8.6","Â 8.3","Â 8.3","Â 8.2","Â 7.9","Â 7.9","Â 7.9","Â 7.8","Â 7.8","Â 8.4","Â 8.4"
"89","The Fault in Our StarsÂ (2014)",7.8,"276,272","Drama","Romance","",69,"Budget:        $12,000,000              (estimated)","126 min",62666,51004,70457,49770,21628,8843,3907,2173,1560,4271,"Â 128951","Â 83384","Â 2833","Â 897","Â 1910","Â 127407","Â 71749","Â 54368","Â 55300","Â 38826","Â 15674","Â 10189","Â 7180","Â 2836","Â 426","Â 26518","Â 110065","Â 7.7","Â 7.9","Â 8.1","Â 7.5","Â 8.5","Â 7.8","Â 7.8","Â 8.0","Â 7.6","Â 7.6","Â 7.8","Â 7.6","Â 7.5","Â 7.7","Â 7.5","Â 6.8","Â 7.6","Â 7.7"
"90","The FighterÂ (2010)",7.8,"292,823","Action","Biography","Drama",79,"Budget:        $25,000,000              (estimated)","116 min",27835,55315,117623,64849,17902,4969,1704,922,547,1163,"Â 220445","Â 31021","Â 447","Â 388","Â 57","Â 119646","Â 103848","Â 14740","Â 106479","Â 93016","Â 12203","Â 17229","Â 14289","Â 2681","Â 684","Â 49851","Â 153538","Â 7.9","Â 7.7","Â 8.1","Â 8.1","Â 8.2","Â 8.0","Â 8.0","Â 7.8","Â 7.8","Â 7.8","Â 7.7","Â 7.7","Â 7.7","Â 7.7","Â 7.6","Â 7.3","Â 8.0","Â 7.8"
"91","The Girl with the Dragon TattooÂ (2011)",7.8,"352,566","Crime","Drama","Mystery",71,"Budget:        $90,000,000              (estimated)","158 min",42288,71561,124463,72617,23722,8041,3339,1846,1330,3369,"Â 240171","Â 62813","Â 426","Â 314","Â 105","Â 139185","Â 104871","Â 32900","Â 126724","Â 103186","Â 21796","Â 26933","Â 21558","Â 4922","Â 710","Â 56794","Â 177937","Â 7.8","Â 7.9","Â 8.1","Â 8.1","Â 8.2","Â 8.0","Â 8.0","Â 7.9","Â 7.7","Â 7.7","Â 7.8","Â 7.7","Â 7.7","Â 7.9","Â 7.9","Â 7.4","Â 8.0","Â 7.8"
"92","The Grand Budapest HotelÂ (2014)",8.1,"541,526","Adventure","Comedy","Drama",88,"Budget:        $25,000,000              (estimated)","99 min",84258,142011,168705,88086,31632,12023,5455,3196,2204,3971,"Â 332149","Â 96997","Â 2083","Â 1537","Â 530","Â 216106","Â 158823","Â 54913","Â 153604","Â 123255","Â 27996","Â 33156","Â 26147","Â 6375","Â 679","Â 58814","Â 248067","Â 8.1","Â 8.2","Â 8.6","Â 8.6","Â 8.5","Â 8.2","Â 8.2","Â 8.3","Â 7.9","Â 7.9","Â 8.0","Â 7.8","Â 7.8","Â 7.9","Â 8.0","Â 7.7","Â 8.1","Â 8.0"
"93","The HelpÂ (2011)",8.1,"347,299","Drama","","",62,"Budget:        $25,000,000              (estimated)","146 min",60811,82560,115917,57034,17268,6011,2456,1326,974,2948,"Â 173908","Â 115762","Â 990","Â 507","Â 474","Â 136852","Â 72944","Â 62426","Â 110695","Â 72802","Â 36317","Â 28383","Â 18891","Â 9023","Â 645","Â 59445","Â 157474","Â 7.9","Â 8.4","Â 8.3","Â 8.1","Â 8.6","Â 8.2","Â 8.0","Â 8.5","Â 7.9","Â 7.8","Â 8.3","Â 8.0","Â 7.9","Â 8.3","Â 7.9","Â 7.0","Â 8.0","Â 8.0"
"94","The Hobbit: An Unexpected JourneyÂ (2012)",7.9,"675,678","Adventure","Fantasy","",NA,"Budget:        $180,000,000              (estimated)","169 min",135848,132202,191128,122538,51765,19699,8227,4588,2845,6846,"Â 445566","Â 104340","Â 2577","Â 1966","Â 593","Â 278388","Â 217052","Â 58630","Â 195765","Â 162768","Â 30209","Â 37575","Â 30484","Â 6457","Â 785","Â 78375","Â 308010","Â 7.8","Â 8.1","Â 8.0","Â 7.9","Â 8.3","Â 8.0","Â 8.0","Â 8.2","Â 7.7","Â 7.7","Â 7.9","Â 7.7","Â 7.6","Â 8.0","Â 7.0","Â 7.5","Â 7.8","Â 7.8"
"95","The Hobbit: The Desolation of SmaugÂ (2013)",7.9,"520,084","Adventure","Fantasy","",66,"Budget:        $225,000,000              (estimated)","161 min",97766,101709,153173,95756,39268,15248,6452,3519,2251,4955,"Â 343498","Â 74772","Â 2463","Â 1881","Â 567","Â 215009","Â 170290","Â 42613","Â 144473","Â 121518","Â 20892","Â 27811","Â 22820","Â 4514","Â 716","Â 56067","Â 234354","Â 7.8","Â 8.1","Â 8.1","Â 8.0","Â 8.5","Â 8.0","Â 8.0","Â 8.2","Â 7.7","Â 7.7","Â 7.9","Â 7.7","Â 7.6","Â 7.9","Â 7.1","Â 7.5","Â 7.8","Â 7.8"
"96","The Hunger Games: Catching FireÂ (2013)",7.6,"531,466","Action","Adventure","Mystery",76,"Budget:        $130,000,000              (estimated)","146 min",85219,83874,150153,121748,50575,18571,7591,4094,2675,6978,"Â 307237","Â 115421","Â 3650","Â 1956","Â 1664","Â 218884","Â 148652","Â 67934","Â 140683","Â 109976","Â 28735","Â 27789","Â 21545","Â 5771","Â 693","Â 68521","Â 221430","Â 7.4","Â 8.1","Â 8.0","Â 7.7","Â 8.5","Â 7.8","Â 7.6","Â 8.2","Â 7.3","Â 7.2","Â 7.9","Â 7.3","Â 7.2","Â 7.9","Â 7.3","Â 6.7","Â 7.7","Â 7.4"
"97","The Imitation GameÂ (2014)",8.1,"540,489","Biography","Drama","Thriller",73,"Budget:        $14,000,000              (estimated)","114 min",80221,137855,187223,94784,25801,7553,2625,1311,824,2307,"Â 328283","Â 92724","Â 2703","Â 1895","Â 783","Â 218870","Â 163084","Â 53533","Â 141013","Â 113989","Â 24842","Â 31492","Â 24954","Â 5984","Â 637","Â 48944","Â 238440","Â 8.0","Â 8.3","Â 8.5","Â 8.3","Â 8.8","Â 8.2","Â 8.1","Â 8.4","Â 7.8","Â 7.8","Â 8.1","Â 8.0","Â 7.9","Â 8.3","Â 8.2","Â 7.3","Â 8.0","Â 8.0"
"98","The King's SpeechÂ (2010)",8,"540,240","Biography","Drama","",88,"Budget:        $15,000,000              (estimated)","118 min",69976,129146,187772,100984,31083,10120,3991,2090,1385,3702,"Â 339153","Â 108830","Â 1150","Â 827","Â 311","Â 212048","Â 152316","Â 57515","Â 175900","Â 137753","Â 35664","Â 41655","Â 31784","Â 9171","Â 758","Â 72154","Â 272059","Â 8.0","Â 8.3","Â 8.2","Â 8.2","Â 8.2","Â 8.1","Â 8.1","Â 8.3","Â 7.9","Â 7.9","Â 8.2","Â 8.1","Â 8.0","Â 8.5","Â 7.9","Â 7.7","Â 8.2","Â 8.0"
"99","The Lego MovieÂ (2014)",7.8,"271,515","Animation","Action","Adventure",83,"Budget:        $60,000,000              (estimated)","100 min",41269,50795,83773,55181,21793,8596,3680,2053,1466,2918,"Â 180122","Â 37351","Â 1887","Â 1464","Â 414","Â 111043","Â 89180","Â 20677","Â 77271","Â 65191","Â 11020","Â 13346","Â 11079","Â 2032","Â 579","Â 42963","Â 114308","Â 7.8","Â 7.7","Â 8.2","Â 8.2","Â 7.9","Â 7.9","Â 8.0","Â 7.7","Â 7.6","Â 7.6","Â 7.5","Â 7.4","Â 7.4","Â 7.4","Â 8.1","Â 7.2","Â 8.0","Â 7.6"
"100","The Little PrinceÂ (2015)",7.8,"40,777","Animation","Adventure","Drama",70,"Budget:        $81,200,000              (estimated)","108 min",7565,7321,11668,8558,3370,1162,456,227,158,293,"Â 22441","Â 9552","Â 226","Â 128","Â 96","Â 15959","Â 10150","Â 5610","Â 12174","Â 9280","Â 2682","Â 1899","Â 1496","Â 355","Â 198","Â 3678","Â 19009","Â 7.6","Â 8.1","Â 8.0","Â 7.8","Â 8.2","Â 7.9","Â 7.8","Â 8.2","Â 7.6","Â 7.5","Â 7.9","Â 7.5","Â 7.4","Â 7.9","Â 7.0","Â 6.6","Â 7.7","Â 7.7"
"101","The MartianÂ (2015)",8,"569,347","Adventure","Drama","Sci-Fi",80,"Budget:        $108,000,000              (estimated)","144 min",75560,139593,200315,102723,31179,9930,3815,2046,1316,2907,"Â 359265","Â 71421","Â 3206","Â 2543","Â 638","Â 200653","Â 161765","Â 36790","Â 161073","Â 136425","Â 22228","Â 35406","Â 29354","Â 5409","Â 671","Â 61128","Â 239125","Â 8.0","Â 8.1","Â 8.4","Â 8.4","Â 8.5","Â 8.1","Â 8.1","Â 8.1","Â 7.9","Â 7.9","Â 7.9","Â 8.0","Â 7.9","Â 8.2","Â 8.2","Â 7.8","Â 8.1","Â 7.9"
"102","The Perks of Being a WallflowerÂ (2012)",8,"382,665","Drama","Romance","",67,"Budget:        $13,000,000              (estimated)","102 min",78615,85725,110727,64343,24268,8739,3881,2015,1324,3037,"Â 202178","Â 108832","Â 1980","Â 807","Â 1147","Â 187119","Â 112011","Â 73101","Â 89339","Â 65550","Â 22467","Â 15562","Â 11607","Â 3660","Â 572","Â 48654","Â 173536","Â 8.0","Â 8.1","Â 8.4","Â 8.3","Â 8.5","Â 8.1","Â 8.1","Â 8.2","Â 7.8","Â 7.8","Â 7.8","Â 7.7","Â 7.7","Â 7.7","Â 8.2","Â 7.0","Â 8.1","Â 7.9"
"103","The RevenantÂ (2015)",8,"512,526","Adventure","Drama","Thriller",76,"Budget:        $135,000,000              (estimated)","156 min",79977,121229,158019,91154,33492,12837,5571,3386,2320,4570,"Â 323938","Â 61051","Â 2619","Â 2141","Â 458","Â 186003","Â 152198","Â 31926","Â 138923","Â 118140","Â 18699","Â 28582","Â 23782","Â 4269","Â 624","Â 51493","Â 213741","Â 8.0","Â 7.9","Â 8.5","Â 8.5","Â 8.2","Â 8.1","Â 8.2","Â 7.9","Â 7.9","Â 7.9","Â 7.7","Â 7.8","Â 7.8","Â 7.8","Â 8.3","Â 7.6","Â 8.1","Â 7.9"
"104","The Social NetworkÂ (2010)",7.7,"516,417","Biography","Drama","",95,"Budget:        $40,000,000              (estimated)","120 min",60189,89515,161983,122694,46869,16288,6351,3284,2914,6346,"Â 351608","Â 84711","Â 1461","Â 1142","Â 309","Â 225279","Â 173908","Â 49149","Â 168440","Â 139525","Â 26636","Â 28054","Â 22588","Â 4995","Â 780","Â 80615","Â 265272","Â 7.8","Â 7.4","Â 8.3","Â 8.4","Â 8.0","Â 7.9","Â 8.0","Â 7.5","Â 7.6","Â 7.7","Â 7.3","Â 7.5","Â 7.5","Â 7.4","Â 8.0","Â 7.3","Â 8.0","Â 7.6"
"105","The Theory of EverythingÂ (2014)",7.7,"305,145","Biography","Drama","Romance",72,"Budget:        $15,000,000              (estimated)","123 min",36339,53814,104625,75080,23057,7013,2307,1075,575,1277,"Â 174408","Â 67669","Â 1668","Â 945","Â 698","Â 128871","Â 86550","Â 40915","Â 79860","Â 61623","Â 17002","Â 17231","Â 13186","Â 3737","Â 547","Â 27641","Â 140414","Â 7.6","Â 8.0","Â 8.1","Â 7.9","Â 8.5","Â 7.8","Â 7.8","Â 8.1","Â 7.5","Â 7.5","Â 7.7","Â 7.6","Â 7.6","Â 7.8","Â 8.1","Â 6.9","Â 7.5","Â 7.6"
"106","The TownÂ (2010)",7.6,"297,426","Crime","Drama","Thriller",74,"Budget:        $37,000,000              (estimated)","125 min",24170,42261,103949,83600,28025,8688,2970,1410,824,1533,"Â 226697","Â 31345","Â 313","Â 271","Â 38","Â 113373","Â 98021","Â 14345","Â 116868","Â 102678","Â 12897","Â 20721","Â 17520","Â 2868","Â 687","Â 56681","Â 156963","Â 7.6","Â 7.4","Â 7.8","Â 7.8","Â 7.2","Â 7.7","Â 7.7","Â 7.4","Â 7.5","Â 7.5","Â 7.3","Â 7.4","Â 7.4","Â 7.5","Â 7.6","Â 7.0","Â 7.8","Â 7.5"
"107","The Wolf of Wall StreetÂ (2013)",8.2,"881,984","Biography","Comedy","Crime",75,"Budget:        $100,000,000              (estimated)","180 min",171660,236650,250667,129164,46715,18682,8674,5854,4258,9689,"Â 559564","Â 123698","Â 3622","Â 2842","Â 757","Â 360841","Â 286627","Â 70874","Â 227096","Â 189110","Â 34712","Â 39996","Â 32676","Â 6629","Â 730","Â 89006","Â 366829","Â 8.2","Â 7.8","Â 8.6","Â 8.7","Â 8.0","Â 8.4","Â 8.5","Â 7.9","Â 8.0","Â 8.1","Â 7.7","Â 7.6","Â 7.6","Â 7.5","Â 7.8","Â 7.8","Â 8.1","Â 8.1"
"108","Toy Story 3Â (2010)",8.3,"596,385","Animation","Adventure","Comedy",92,"Budget:        $200,000,000              (estimated)","103 min",139773,149992,158704,88289,31291,11850,4859,2932,2119,6586,"Â 389014","Â 98386","Â 3202","Â 2405","Â 776","Â 260519","Â 199962","Â 58366","Â 169886","Â 140253","Â 27658","Â 32457","Â 26171","Â 5806","Â 769","Â 105490","Â 267692","Â 8.3","Â 8.3","Â 8.2","Â 8.3","Â 8.0","Â 8.4","Â 8.5","Â 8.4","Â 8.2","Â 8.2","Â 8.3","Â 8.1","Â 8.1","Â 8.1","Â 8.1","Â 8.1","Â 8.5","Â 8.3"
"109","True GritÂ (2010)",7.6,"257,670","Adventure","Drama","Western",80,"Budget:        $38,000,000              (estimated)","110 min",21094,40901,91825,67175,23055,7191,2678,1305,779,1672,"Â 197105","Â 27125","Â 381","Â 340","Â 35","Â 89394","Â 76864","Â 11720","Â 104201","Â 91807","Â 11163","Â 25641","Â 21885","Â 3369","Â 747","Â 53749","Â 137672","Â 7.7","Â 7.6","Â 7.8","Â 7.8","Â 7.5","Â 7.7","Â 7.7","Â 7.6","Â 7.6","Â 7.6","Â 7.5","Â 7.7","Â 7.7","Â 7.7","Â 7.8","Â 7.3","Â 7.9","Â 7.6"
"110","Tucker and Dale vs EvilÂ (2010)",7.6,"138,624","Comedy","Horror","",65,"Opening Weekend:         $52,843              (USA)      (30 September 2011)","",16572,19818,44460,35863,13456,4588,1684,855,479,848,"Â 106144","Â 15113","Â 219","Â 198","Â 20","Â 52889","Â 45169","Â 7232","Â 56379","Â 49634","Â 6156","Â 8861","Â 7645","Â 1072","Â 540","Â 26213","Â 73918","Â 7.5","Â 7.7","Â 7.7","Â 7.7","Â 8.2","Â 7.6","Â 7.6","Â 7.6","Â 7.5","Â 7.5","Â 7.7","Â 7.5","Â 7.4","Â 7.7","Â 7.5","Â 7.1","Â 7.7","Â 7.5"
"111","TyrannosaurÂ (2011)",7.6,"26,016","Drama","","",65,"Opening Weekend:         $804              (USA)      (18 November 2011)","",2060,4083,9078,6754,2468,755,310,146,111,251,"Â 19827","Â 3649","Â 6","Â 6","Â 7314","Â 5920","Â 1338","Â 12497","Â 10628","Â 1724","Â 3311","Â 2784","Â 480","Â 4","Â 2231","Â 18173","","Â 7.6","Â 7.6","Â 6.0","Â 6.0","Â 7.6","Â 7.6","Â 7.6","Â 7.5","Â 7.5","Â 7.6","Â 7.5","Â 7.5","Â 7.4","Â 5.8","Â 6.5","Â 7.4","Â 7.6",""
"112","WarriorÂ (2011)",8.2,"361,049","Action","Drama","Sport",71,"Budget:        $25,000,000              (estimated)","140 min",74983,96953,106673,52972,16668,5727,2353,1205,1050,2479,"Â 270734","Â 31075","Â 673","Â 583","Â 84","Â 153824","Â 136536","Â 16000","Â 117636","Â 105144","Â 11019","Â 15201","Â 12960","Â 1990","Â 586","Â 45342","Â 176397","Â 8.2","Â 8.2","Â 8.5","Â 8.5","Â 8.7","Â 8.4","Â 8.4","Â 8.4","Â 8.0","Â 8.0","Â 8.0","Â 7.7","Â 7.7","Â 7.5","Â 7.8","Â 7.1","Â 8.2","Â 8.1"
"113","What We Do in the ShadowsÂ (2014)",7.6,"87,975","Comedy","Horror","",76,"Opening Weekend:         $128,520              (USA)      (20 February 2015)","",10485,14507,28608,20735,7696,2802,1200,721,450,781,"Â 57028","Â 15840","Â 268","Â 209","Â 56","Â 32406","Â 23869","Â 8125","Â 31707","Â 25592","Â 5689","Â 6013","Â 4740","Â 1138","Â 389","Â 12341","Â 45062","Â 7.5","Â 7.8","Â 7.9","Â 7.9","Â 8.0","Â 7.7","Â 7.7","Â 7.9","Â 7.5","Â 7.4","Â 7.8","Â 7.3","Â 7.3","Â 7.7","Â 7.7","Â 6.8","Â 7.7","Â 7.5"
"114","WhiplashÂ (2014)",8.5,"492,285","Drama","Music","",88,"Budget:        $3,300,000              (estimated)","107 min",110404,161864,132656,56007,16577,6031,2937,1859,1263,2723,"Â 308900","Â 71066","Â 2878","Â 2200","Â 660","Â 205839","Â 161853","Â 41944","Â 123712","Â 102839","Â 19018","Â 23345","Â 19072","Â 3812","Â 590","Â 49868","Â 213952","Â 8.5","Â 8.4","Â 9.0","Â 9.1","Â 8.9","Â 8.6","Â 8.7","Â 8.5","Â 8.3","Â 8.3","Â 8.2","Â 8.1","Â 8.1","Â 8.2","Â 8.7","Â 8.0","Â 8.6","Â 8.4"
"115","Wreck-It RalphÂ (2012)",7.7,"295,125","Animation","Adventure","Comedy",72,"Opening Weekend:         $49,038,712              (USA)      (2 November 2012)","",41980,50262,96477,67934,24894,7748,2724,1190,703,1226,"Â 190983","Â 50202","Â 1663","Â 1182","Â 467","Â 120962","Â 90759","Â 29003","Â 90203","Â 74767","Â 14148","Â 13706","Â 11356","Â 2112","Â 614","Â 44962","Â 129487","Â 7.7","Â 7.8","Â 7.9","Â 7.9","Â 8.0","Â 7.9","Â 7.9","Â 7.9","Â 7.6","Â 7.6","Â 7.7","Â 7.4","Â 7.4","Â 7.5","Â 7.4","Â 7.2","Â 7.9","Â 7.6"
"116","X-Men: Days of Future PastÂ (2014)",8,"560,736","Action","Adventure","Sci-Fi",74,"Budget:        $200,000,000              (estimated)","132 min",91765,127521,183578,104658,33027,10059,3710,1903,1225,3301,"Â 370835","Â 71008","Â 3038","Â 2403","Â 614","Â 220178","Â 179039","Â 39094","Â 158607","Â 135392","Â 20927","Â 26834","Â 22460","Â 3884","Â 710","Â 67889","Â 229049","Â 8.0","Â 8.1","Â 8.4","Â 8.4","Â 8.6","Â 8.1","Â 8.1","Â 8.2","Â 7.8","Â 7.8","Â 8.0","Â 7.7","Â 7.7","Â 7.9","Â 7.5","Â 7.4","Â 8.1","Â 7.9"
"117","X-Men: First ClassÂ (2011)",7.8,"556,713","Action","Adventure","Sci-Fi",65,"Budget:        $160,000,000              (estimated)","132 min",64428,96219,200144,129352,41945,12861,4799,2349,1448,3182,"Â 382107","Â 80444","Â 2075","Â 1612","Â 443","Â 223309","Â 176821","Â 44428","Â 185909","Â 157332","Â 26094","Â 30217","Â 25051","Â 4691","Â 780","Â 87542","Â 257681","Â 7.7","Â 7.9","Â 8.0","Â 7.9","Â 8.3","Â 7.9","Â 7.9","Â 8.0","Â 7.7","Â 7.6","Â 7.8","Â 7.6","Â 7.5","Â 7.7","Â 7.6","Â 7.3","Â 7.8","Â 7.7"
"118","ZootopiaÂ (2016)",8.1,"309,474","Animation","Adventure","Comedy",78,"Budget:        $150,000,000              (estimated)","108 min",53626,70912,102352,57261,16719,4539,1467,733,496,1386,"Â 176202","Â 52345","Â 2362","Â 1641","Â 706","Â 119637","Â 87499","Â 30813","Â 75474","Â 61358","Â 13034","Â 12353","Â 9959","Â 2151","Â 518","Â 35975","Â 122844","Â 8.0","Â 8.3","Â 8.4","Â 8.3","Â 8.7","Â 8.2","Â 8.1","Â 8.4","Â 7.8","Â 7.8","Â 8.1","Â 7.8","Â 7.8","Â 8.1","Â 7.7","Â 7.6","Â 8.0","Â 8.0"
